timestamp,seed,device,log_dir,log_filename,dataset,data_root,data_distribution,non_iid_alpha,num_clients,clients_per_round,model,split_layer,epochs,local_epochs,optimizer,lr,batch_size,dp_mode,target_epsilon,target_delta,noise_multiplier,max_grad_norm,adaptive_clipping_quantile,adaptive_noise_decay,awdp_layerwise,round,train_loss,accuracy,epsilon_per_round,total_epsilon
2025-04-30 02:48:16,42,cpu,experiments/results,experiment_log.csv,MNIST,./data,iid,0.5,3,3,SimpleCNN,fc1,5,1,SGD,0.01,64,none,1.0,1e-05,1.0,1.0,0.5,0.99,False,1,2.2024,71.3200,0.0000,0.0000
2025-04-30 02:48:46,42,cpu,experiments/results,experiment_log.csv,MNIST,./data,iid,0.5,3,3,SimpleCNN,fc1,5,1,SGD,0.01,64,none,1.0,1e-05,1.0,1.0,0.5,0.99,False,2,2.0128,75.8700,0.0000,0.0000
2025-04-30 02:49:16,42,cpu,experiments/results,experiment_log.csv,MNIST,./data,iid,0.5,3,3,SimpleCNN,fc1,5,1,SGD,0.01,64,none,1.0,1e-05,1.0,1.0,0.5,0.99,False,3,1.8387,77.4900,0.0000,0.0000
2025-04-30 02:49:46,42,cpu,experiments/results,experiment_log.csv,MNIST,./data,iid,0.5,3,3,SimpleCNN,fc1,5,1,SGD,0.01,64,none,1.0,1e-05,1.0,1.0,0.5,0.99,False,4,1.6790,78.9100,0.0000,0.0000
2025-04-30 02:50:16,42,cpu,experiments/results,experiment_log.csv,MNIST,./data,iid,0.5,3,3,SimpleCNN,fc1,5,1,SGD,0.01,64,none,1.0,1e-05,1.0,1.0,0.5,0.99,False,5,1.5305,80.3400,0.0000,0.0000
2025-04-30 03:04:29,42,cpu,experiments/results,experiment_log.csv,MNIST,./data,iid,0.5,3,3,SimpleCNN,fc1,5,1,SGD,0.01,64,adaptive_trusted_client,3.0,1e-05,1.0,1.0,0.5,0.99,False,0,grad_norm,0.05,0.1,5.0,0.1,10.0,1,18.6089,51.0900,0.0000,0.0000,1.0000,1.0000
2025-04-30 03:07:19,42,cpu,experiments/results,experiment_log.csv,MNIST,./data,iid,0.5,3,3,SimpleCNN,fc1,5,1,SGD,0.01,64,adaptive_trusted_client,3.0,1e-05,1.0,1.0,0.5,0.99,False,0,grad_norm,0.05,0.1,5.0,0.1,10.0,2,88.9464,47.3000,0.0000,0.0000,1.0500,0.9500
2025-04-30 03:09:24,42,cpu,experiments/results,experiment_log.csv,MNIST,./data,iid,0.5,3,3,SimpleCNN,fc1,5,1,SGD,0.01,64,adaptive_trusted_client,3.0,1e-05,1.0,1.0,0.5,0.99,False,0,grad_norm,0.05,0.1,5.0,0.1,10.0,3,255.9476,70.8400,0.0000,0.0000,1.1000,0.9000
2025-04-30 03:11:12,42,cpu,experiments/results,experiment_log.csv,MNIST,./data,iid,0.5,3,3,SimpleCNN,fc1,5,1,SGD,0.01,64,adaptive_trusted_client,3.0,1e-05,1.0,1.0,0.5,0.99,False,0,grad_norm,0.05,0.1,5.0,0.1,10.0,4,461.3096,85.8900,0.0000,0.0000,1.1500,0.8500
2025-04-30 03:13:01,42,cpu,experiments/results,experiment_log.csv,MNIST,./data,iid,0.5,3,3,SimpleCNN,fc1,5,1,SGD,0.01,64,adaptive_trusted_client,3.0,1e-05,1.0,1.0,0.5,0.99,False,0,grad_norm,0.05,0.1,5.0,0.1,10.0,5,828.0459,74.0300,0.0000,0.0000,1.2000,0.8000
